label,mean_dice,stdev_dice
1,0.23167228622206507,0.18460915141865664
2,0.35291480849732343,0.18509388969883522
3,0.12876504946497125,0.16769417659719685
4,0.21723855538820164,0.143639509312978
5,0.5372006523646944,0.12613439868675896
6,0.008819960260178734,0.018230554668781467
7,0.06116537358711753,0.07968978310077603
8,0.13057985746806425,0.07311334344992615
